target,stance,stance_type,comment_id,comment_date
Social media,AGAINST,EXPLICIT,1054082865,2013-09-21 17:57:15
Conservatives,AGAINST,EXPLICIT,1056013203,2013-09-23 16:49:51
Sport,AGAINST,EXPLICIT,1076593091,2013-10-09 17:58:45
Capitalism,AGAINST,EXPLICIT,1076593091,2013-10-09 17:58:45
Liberals,AGAINST,IMPLICIT,1069334309,2013-10-03 21:18:47
Progressives,AGAINST,IMPLICIT,1069334309,2013-10-03 21:18:47
Democrats,AGAINST,IMPLICIT,1069334309,2013-10-03 21:18:47
Republicans (GOP),AGAINST,IMPLICIT,1069334309,2013-10-03 21:18:47
Liberals,AGAINST,IMPLICIT,1078084243,2013-10-10 20:50:41
Progressives,AGAINST,IMPLICIT,1078084243,2013-10-10 20:50:41
Elites,AGAINST,IMPLICIT,1078084243,2013-10-10 20:50:41
Woke,AGAINST,IMPLICIT,1078084243,2013-10-10 20:50:41
Democrats,AGAINST,IMPLICIT,1078084243,2013-10-10 20:50:41
Conservatives,AGAINST,IMPLICIT,1078084243,2013-10-10 20:50:41
Republicans (GOP),AGAINST,IMPLICIT,1078084243,2013-10-10 20:50:41
Healthcare,FAVOR,EXPLICIT,1071983019,2013-10-05 23:25:59
Drugs,FAVOR,EXPLICIT,1071983019,2013-10-05 23:25:59
Crime,AGAINST,EXPLICIT,1075683757,2013-10-08 23:49:01
The government,AGAINST,EXPLICIT,1070430029,2013-10-04 16:39:10
America / USA,AGAINST,EXPLICIT,1070430029,2013-10-04 16:39:10
The government,AGAINST,EXPLICIT,1082248966,2013-10-14 19:21:00
Barack Obama,AGAINST,EXPLICIT,1082248966,2013-10-14 19:21:00
America / USA,AGAINST,IMPLICIT,1082248966,2013-10-14 19:21:00
Socialism / Communism,AGAINST,EXPLICIT,1082248966,2013-10-14 19:21:00
Liberals,AGAINST,IMPLICIT,1082248966,2013-10-14 19:21:00
Progressives,AGAINST,IMPLICIT,1082248966,2013-10-14 19:21:00
Politicians,AGAINST,EXPLICIT,1082248966,2013-10-14 19:21:00
Joe Biden,AGAINST,EXPLICIT,1082248966,2013-10-14 19:21:00
Democrats,AGAINST,IMPLICIT,1082248966,2013-10-14 19:21:00
Economy is good,AGAINST,IMPLICIT,1082248966,2013-10-14 19:21:00
Fascism / Nazism,AGAINST,EXPLICIT,1082248966,2013-10-14 19:21:00
Media,AGAINST,IMPLICIT,1082248966,2013-10-14 19:21:00
America / USA,AGAINST,EXPLICIT,1056616586,2013-09-24 01:56:55
Crime,AGAINST,EXPLICIT,1056616586,2013-09-24 01:56:55
Politicians,AGAINST,EXPLICIT,1056616586,2013-09-24 01:56:55
Elites,AGAINST,EXPLICIT,1056616586,2013-09-24 01:56:55
Conservatives,AGAINST,EXPLICIT,1056616586,2013-09-24 01:56:55
Media,AGAINST,EXPLICIT,1056616586,2013-09-24 01:56:55
Capitalism,AGAINST,EXPLICIT,1056616586,2013-09-24 01:56:55
Republicans (GOP),AGAINST,EXPLICIT,1056616586,2013-09-24 01:56:55
Abortion,FAVOR,EXPLICIT,1049681709,2013-09-18 18:08:31
Sport,FAVOR,EXPLICIT,1075935854,2013-10-09 05:14:56
Conservatives,AGAINST,EXPLICIT,1081042895,2013-10-13 17:59:14
Elites,AGAINST,EXPLICIT,1091547480,2013-10-22 01:19:34
Social media,AGAINST,EXPLICIT,1091547480,2013-10-22 01:19:34
Capitalism,AGAINST,EXPLICIT,1091547480,2013-10-22 01:19:34
The government,AGAINST,EXPLICIT,1048361372,2013-09-17 20:00:18
Climate change is (real | a problem),FAVOR,IMPLICIT,1048361372,2013-09-17 20:00:18
Politicians,AGAINST,IMPLICIT,1048361372,2013-09-17 20:00:18
Media,AGAINST,IMPLICIT,1048361372,2013-09-17 20:00:18
Capitalism,AGAINST,IMPLICIT,1048361372,2013-09-17 20:00:18
Christians,AGAINST,EXPLICIT,1066413086,2013-10-01 19:59:44
Conservatives,AGAINST,EXPLICIT,1066413086,2013-10-01 19:59:44
Republicans (GOP),AGAINST,EXPLICIT,1066413086,2013-10-01 19:59:44
Scientists,AGAINST,EXPLICIT,1099880201,2013-10-28 19:15:34
Terrorism,AGAINST,EXPLICIT,1050054630,2013-09-18 21:32:20
Crime,AGAINST,EXPLICIT,1050054630,2013-09-18 21:32:20
Abortion,FAVOR,EXPLICIT,1050054630,2013-09-18 21:32:20
Politicians,AGAINST,EXPLICIT,1069698742,2013-10-04 01:22:11
Conservatives,AGAINST,EXPLICIT,1095386216,2013-10-24 17:37:07
Healthcare,AGAINST,EXPLICIT,1065229835,2013-10-01 00:50:11
Republicans (GOP),AGAINST,EXPLICIT,1065229835,2013-10-01 00:50:11
Christians,AGAINST,IMPLICIT,1092965595,2013-10-23 01:34:29
Christianity,AGAINST,IMPLICIT,1092965595,2013-10-23 01:34:29
The government,AGAINST,EXPLICIT,1061719622,2013-09-27 20:06:14
Barack Obama,FAVOR,EXPLICIT,1061719622,2013-09-27 20:06:14
Politicians,AGAINST,EXPLICIT,1061719622,2013-09-27 20:06:14
Democrats,FAVOR,EXPLICIT,1061719622,2013-09-27 20:06:14
Conservatives,AGAINST,EXPLICIT,1061719622,2013-09-27 20:06:14
Media,AGAINST,EXPLICIT,1061719622,2013-09-27 20:06:14
Republicans (GOP),AGAINST,EXPLICIT,1061719622,2013-09-27 20:06:14
Media,AGAINST,EXPLICIT,1067856357,2013-10-02 20:41:23
Christians,AGAINST,EXPLICIT,1066503135,2013-10-01 21:06:02
Christianity,AGAINST,EXPLICIT,1066503135,2013-10-01 21:06:02
Economy is good,AGAINST,EXPLICIT,1092823984,2013-10-22 22:56:48
Healthcare,AGAINST,EXPLICIT,1092823984,2013-10-22 22:56:48
Capitalism,AGAINST,EXPLICIT,1092823984,2013-10-22 22:56:48
Politicians,AGAINST,IMPLICIT,1097079468,2013-10-26 01:06:06
Elites,AGAINST,IMPLICIT,1097079468,2013-10-26 01:06:06
Social media,AGAINST,EXPLICIT,1065298123,2013-10-01 02:10:04
Sport,AGAINST,EXPLICIT,1075848188,2013-10-09 02:49:21
Healthcare,AGAINST,EXPLICIT,1075848188,2013-10-09 02:49:21
Capitalism,AGAINST,EXPLICIT,1075848188,2013-10-09 02:49:21
Hobbies,FAVOR,EXPLICIT,1054868207,2013-09-22 15:58:51
The government,AGAINST,EXPLICIT,1091390627,2013-10-21 22:34:55
America / USA,AGAINST,EXPLICIT,1091390627,2013-10-21 22:34:55
Politicians,AGAINST,EXPLICIT,1091390627,2013-10-21 22:34:55
Republicans (GOP),AGAINST,EXPLICIT,1091390627,2013-10-21 22:34:55
Media,AGAINST,EXPLICIT,1086434950,2013-10-17 22:53:56
Climate change is (real | a problem),FAVOR,EXPLICIT,1054390131,2013-09-22 01:21:58
Fossil fuels,AGAINST,EXPLICIT,1054390131,2013-09-22 01:21:58
China,AGAINST,EXPLICIT,1054390131,2013-09-22 01:21:58
Elites,AGAINST,EXPLICIT,1054390131,2013-09-22 01:21:58
Capitalism,AGAINST,EXPLICIT,1054390131,2013-09-22 01:21:58
Politicians,AGAINST,EXPLICIT,1087500313,2013-10-18 19:33:39
Conservatives,AGAINST,EXPLICIT,1087500313,2013-10-18 19:33:39
Republicans (GOP),AGAINST,EXPLICIT,1087500313,2013-10-18 19:33:39
America / USA,AGAINST,EXPLICIT,1102809139,2013-10-30 21:31:29
Crime,AGAINST,EXPLICIT,1102809139,2013-10-30 21:31:29
Social welfare,FAVOR,EXPLICIT,1102809139,2013-10-30 21:31:29
Elites,AGAINST,EXPLICIT,1102809139,2013-10-30 21:31:29
Economy is good,AGAINST,EXPLICIT,1102809139,2013-10-30 21:31:29
Taxes are (good | fair),FAVOR,EXPLICIT,1102809139,2013-10-30 21:31:29
Capitalism,AGAINST,EXPLICIT,1102809139,2013-10-30 21:31:29
Liberals,AGAINST,EXPLICIT,1064995705,2013-09-30 20:58:52
Progressives,AGAINST,EXPLICIT,1064995705,2013-09-30 20:58:52
Politicians,AGAINST,EXPLICIT,1064995705,2013-09-30 20:58:52
Democrats,AGAINST,EXPLICIT,1064995705,2013-09-30 20:58:52
Republicans (GOP),AGAINST,EXPLICIT,1064995705,2013-09-30 20:58:52
Climate change is (real | a problem),FAVOR,IMPLICIT,1087857603,2013-10-19 00:57:51
Economy is good,AGAINST,IMPLICIT,1087857603,2013-10-19 00:57:51
Capitalism,AGAINST,IMPLICIT,1087857603,2013-10-19 00:57:51
Media,AGAINST,IMPLICIT,1091539543,2013-10-22 01:12:01
Conservatives,AGAINST,EXPLICIT,1068896759,2013-10-03 16:50:40
Christians,AGAINST,EXPLICIT,1104365612,2013-11-01 01:00:22
Christianity,AGAINST,EXPLICIT,1104365612,2013-11-01 01:00:22
Christians,AGAINST,EXPLICIT,1064128448,2013-09-30 05:05:27
Christianity,AGAINST,EXPLICIT,1064128448,2013-09-30 05:05:27
Social media,AGAINST,EXPLICIT,1064128448,2013-09-30 05:05:27
Sport,AGAINST,EXPLICIT,1060673880,2013-09-27 01:39:56
Crime,AGAINST,EXPLICIT,1060673880,2013-09-27 01:39:56
Socialism / Communism,FAVOR,EXPLICIT,1099973195,2013-10-28 20:26:30
Conservatives,AGAINST,EXPLICIT,1118677375,2013-11-11 22:28:10
Republicans (GOP),AGAINST,IMPLICIT,1118677375,2013-11-11 22:28:10
Liberals,AGAINST,EXPLICIT,1054208374,2013-09-21 20:39:34
Conservatives,AGAINST,EXPLICIT,1054208374,2013-09-21 20:39:34
Media,AGAINST,EXPLICIT,1054208374,2013-09-21 20:39:34
Republicans (GOP),AGAINST,IMPLICIT,1054208374,2013-09-21 20:39:34
Sport,AGAINST,EXPLICIT,1123804493,2013-11-15 03:03:38
Capitalism,AGAINST,IMPLICIT,1123804493,2013-11-15 03:03:38
Sport,AGAINST,EXPLICIT,1114809782,2013-11-09 03:33:14
Diversity,AGAINST,EXPLICIT,1114809782,2013-11-09 03:33:14
Politicians,AGAINST,EXPLICIT,1142489268,2013-11-28 03:01:05
Media,AGAINST,EXPLICIT,1142489268,2013-11-28 03:01:05
Republicans (GOP),AGAINST,EXPLICIT,1142489268,2013-11-28 03:01:05
Conservatives,AGAINST,EXPLICIT,1133573623,2013-11-21 22:10:17
Republicans (GOP),AGAINST,EXPLICIT,1133573623,2013-11-21 22:10:17
The government,AGAINST,EXPLICIT,1066391050,2013-10-01 19:44:17
Politicians,AGAINST,EXPLICIT,1066391050,2013-10-01 19:44:17
Conservatives,AGAINST,EXPLICIT,1066391050,2013-10-01 19:44:17
Social media,AGAINST,EXPLICIT,1066391050,2013-10-01 19:44:17
Republicans (GOP),AGAINST,EXPLICIT,1066391050,2013-10-01 19:44:17
Healthcare,AGAINST,EXPLICIT,1092885167,2013-10-23 00:11:29
The government,AGAINST,EXPLICIT,1113001658,2013-11-07 20:30:10
Politicians,AGAINST,EXPLICIT,1113001658,2013-11-07 20:30:10
Conservatives,AGAINST,EXPLICIT,1113001658,2013-11-07 20:30:10
Republicans (GOP),AGAINST,EXPLICIT,1113001658,2013-11-07 20:30:10
Social media,AGAINST,EXPLICIT,1104081137,2013-10-31 20:33:04
Liberals,AGAINST,IMPLICIT,1159385071,2013-12-11 23:39:07
Progressives,AGAINST,IMPLICIT,1159385071,2013-12-11 23:39:07
Democrats,AGAINST,IMPLICIT,1159385071,2013-12-11 23:39:07
Conservatives,AGAINST,IMPLICIT,1159385071,2013-12-11 23:39:07
Media,AGAINST,IMPLICIT,1159385071,2013-12-11 23:39:07
Republicans (GOP),AGAINST,IMPLICIT,1159385071,2013-12-11 23:39:07
The government,AGAINST,EXPLICIT,1160589618,2013-12-12 20:43:16
America / USA,AGAINST,EXPLICIT,1160589618,2013-12-12 20:43:16
Politicians,AGAINST,EXPLICIT,1160589618,2013-12-12 20:43:16
Military,AGAINST,EXPLICIT,1160589618,2013-12-12 20:43:16
Capitalism,AGAINST,EXPLICIT,1160589618,2013-12-12 20:43:16
Jobs are (available | good),AGAINST,EXPLICIT,1160589618,2013-12-12 20:43:16
The government,AGAINST,IMPLICIT,1130058821,2013-11-19 20:21:57
Fossil fuels,AGAINST,IMPLICIT,1130058821,2013-11-19 20:21:57
Politicians,AGAINST,IMPLICIT,1130058821,2013-11-19 20:21:57
Elites,AGAINST,IMPLICIT,1130058821,2013-11-19 20:21:57
Taxes are (good | fair),AGAINST,IMPLICIT,1130058821,2013-11-19 20:21:57
Capitalism,AGAINST,IMPLICIT,1130058821,2013-11-19 20:21:57
Journalists,AGAINST,EXPLICIT,1171982068,2013-12-20 20:34:39
Media,AGAINST,EXPLICIT,1171982068,2013-12-20 20:34:39
America / USA,FAVOR,EXPLICIT,1160582012,2013-12-12 20:38:54
Liberals,AGAINST,EXPLICIT,1160582012,2013-12-12 20:38:54
Progressives,AGAINST,EXPLICIT,1160582012,2013-12-12 20:38:54
Democrats,AGAINST,EXPLICIT,1160582012,2013-12-12 20:38:54
Conservatives,FAVOR,EXPLICIT,1160582012,2013-12-12 20:38:54
Republicans (GOP),FAVOR,EXPLICIT,1160582012,2013-12-12 20:38:54
Social welfare,FAVOR,EXPLICIT,1180744980,2013-12-30 01:18:56
Food,FAVOR,EXPLICIT,1180744980,2013-12-30 01:18:56
Media,AGAINST,EXPLICIT,1180744980,2013-12-30 01:18:56
Barack Obama,FAVOR,EXPLICIT,1174811403,2013-12-23 17:29:37
The government,AGAINST,EXPLICIT,1167960646,2013-12-17 21:19:50
Christians,AGAINST,EXPLICIT,1167960646,2013-12-17 21:19:50
Politicians,AGAINST,EXPLICIT,1167960646,2013-12-17 21:19:50
Social welfare,AGAINST,EXPLICIT,1167960646,2013-12-17 21:19:50
Elites,AGAINST,EXPLICIT,1167960646,2013-12-17 21:19:50
Christianity,AGAINST,EXPLICIT,1167960646,2013-12-17 21:19:50
Conservatives,AGAINST,EXPLICIT,1167960646,2013-12-17 21:19:50
Economy is good,AGAINST,EXPLICIT,1167960646,2013-12-17 21:19:50
Taxes are (good | fair),AGAINST,EXPLICIT,1167960646,2013-12-17 21:19:50
Capitalism,AGAINST,EXPLICIT,1167960646,2013-12-17 21:19:50
Jobs are (available | good),AGAINST,EXPLICIT,1167960646,2013-12-17 21:19:50
Republicans (GOP),AGAINST,EXPLICIT,1167960646,2013-12-17 21:19:50
Social media,AGAINST,EXPLICIT,1172890941,2013-12-21 17:39:05
Media,AGAINST,EXPLICIT,1172890941,2013-12-21 17:39:05
The government,AGAINST,EXPLICIT,1185941982,2014-01-03 21:46:16
America / USA,AGAINST,EXPLICIT,1185941982,2014-01-03 21:46:16
Socialism / Communism,FAVOR,EXPLICIT,1185941982,2014-01-03 21:46:16
Politicians,AGAINST,EXPLICIT,1185941982,2014-01-03 21:46:16
Social welfare,FAVOR,EXPLICIT,1185941982,2014-01-03 21:46:16
Elites,AGAINST,EXPLICIT,1185941982,2014-01-03 21:46:16
Economy is good,AGAINST,EXPLICIT,1185941982,2014-01-03 21:46:16
Taxes are (good | fair),AGAINST,EXPLICIT,1185941982,2014-01-03 21:46:16
Capitalism,AGAINST,EXPLICIT,1185941982,2014-01-03 21:46:16
Jobs are (available | good),AGAINST,EXPLICIT,1185941982,2014-01-03 21:46:16
The government,AGAINST,EXPLICIT,1169515032,2013-12-19 01:14:45
Hobbies,AGAINST,EXPLICIT,1207254072,2014-01-18 17:55:31
Christians,AGAINST,EXPLICIT,1191133540,2014-01-07 21:24:32
Elites,AGAINST,EXPLICIT,1191133540,2014-01-07 21:24:32
Christianity,AGAINST,EXPLICIT,1191133540,2014-01-07 21:24:32
Capitalism,AGAINST,IMPLICIT,1191133540,2014-01-07 21:24:32
Jobs are (available | good),AGAINST,EXPLICIT,1191133540,2014-01-07 21:24:32
Barack Obama,AGAINST,EXPLICIT,1177632036,2013-12-26 22:01:29
Economy is good,AGAINST,EXPLICIT,1177632036,2013-12-26 22:01:29
Jobs are (available | good),AGAINST,EXPLICIT,1177632036,2013-12-26 22:01:29
Black people,AGAINST,EXPLICIT,1171032001,2013-12-20 03:13:28
Diversity,FAVOR,EXPLICIT,1171032001,2013-12-20 03:13:28
Liberals,AGAINST,IMPLICIT,1217904431,2014-01-26 22:41:40
Democrats,AGAINST,IMPLICIT,1217904431,2014-01-26 22:41:40
Conservatives,AGAINST,IMPLICIT,1217904431,2014-01-26 22:41:40
Republicans (GOP),AGAINST,IMPLICIT,1217904431,2014-01-26 22:41:40
Social media,AGAINST,EXPLICIT,1172288582,2013-12-21 01:48:58
Liberals,AGAINST,IMPLICIT,1159597427,2013-12-12 03:20:12
Progressives,AGAINST,IMPLICIT,1159597427,2013-12-12 03:20:12
Woke,AGAINST,IMPLICIT,1159597427,2013-12-12 03:20:12
Democrats,AGAINST,IMPLICIT,1159597427,2013-12-12 03:20:12
Republicans (GOP),AGAINST,IMPLICIT,1159597427,2013-12-12 03:20:12
The government,AGAINST,EXPLICIT,1139025540,2013-11-26 02:40:48
Feminism,FAVOR,IMPLICIT,1139025540,2013-11-26 02:40:48
Politicians,AGAINST,EXPLICIT,1139025540,2013-11-26 02:40:48
Healthcare,AGAINST,EXPLICIT,1139025540,2013-11-26 02:40:48
Abortion,FAVOR,EXPLICIT,1139025540,2013-11-26 02:40:48
America / USA,FAVOR,EXPLICIT,1177490242,2013-12-26 19:20:14
China,AGAINST,EXPLICIT,1177490242,2013-12-26 19:20:14
Economy is good,FAVOR,EXPLICIT,1177490242,2013-12-26 19:20:14
Capitalism,FAVOR,IMPLICIT,1177490242,2013-12-26 19:20:14
Jobs are (available | good),FAVOR,EXPLICIT,1177490242,2013-12-26 19:20:14
Christians,AGAINST,EXPLICIT,1169346608,2013-12-18 22:16:54
Social welfare,AGAINST,EXPLICIT,1169346608,2013-12-18 22:16:54
Christianity,AGAINST,EXPLICIT,1169346608,2013-12-18 22:16:54
Taxes are (good | fair),AGAINST,EXPLICIT,1169346608,2013-12-18 22:16:54
Healthcare,AGAINST,EXPLICIT,1169346608,2013-12-18 22:16:54
Crime,AGAINST,EXPLICIT,1178862321,2013-12-28 01:24:48
Social welfare,FAVOR,EXPLICIT,1180924395,2013-12-30 06:07:45
Conservatives,AGAINST,EXPLICIT,1180924395,2013-12-30 06:07:45
Economy is good,AGAINST,EXPLICIT,1180924395,2013-12-30 06:07:45
Jobs are (available | good),AGAINST,EXPLICIT,1180924395,2013-12-30 06:07:45
Republicans (GOP),AGAINST,EXPLICIT,1180924395,2013-12-30 06:07:45
America / USA,AGAINST,EXPLICIT,1177583056,2013-12-26 21:01:04
Elites,AGAINST,EXPLICIT,1177583056,2013-12-26 21:01:04
Economy is good,AGAINST,EXPLICIT,1177583056,2013-12-26 21:01:04
Food,AGAINST,EXPLICIT,1177583056,2013-12-26 21:01:04
Capitalism,AGAINST,EXPLICIT,1177583056,2013-12-26 21:01:04
Politicians,AGAINST,EXPLICIT,1157609367,2013-12-10 19:12:15
Social media,AGAINST,EXPLICIT,1175171881,2013-12-23 23:11:51
The government,AGAINST,EXPLICIT,1179705789,2013-12-28 23:31:25
America / USA,AGAINST,EXPLICIT,1179705789,2013-12-28 23:31:25
Politicians,AGAINST,EXPLICIT,1179705789,2013-12-28 23:31:25
Elites,AGAINST,EXPLICIT,1179705789,2013-12-28 23:31:25
Economy is good,AGAINST,EXPLICIT,1179705789,2013-12-28 23:31:25
Capitalism,AGAINST,EXPLICIT,1179705789,2013-12-28 23:31:25
Military,AGAINST,EXPLICIT,1205148893,2014-01-17 00:55:15
Taxes are (good | fair),AGAINST,EXPLICIT,1205148893,2014-01-17 00:55:15
Social media,AGAINST,IMPLICIT,1144460774,2013-11-29 19:58:40
America / USA,AGAINST,IMPLICIT,1180373770,2013-12-29 18:04:08
Liberals,FAVOR,IMPLICIT,1180373770,2013-12-29 18:04:08
Progressives,FAVOR,IMPLICIT,1180373770,2013-12-29 18:04:08
Social welfare,FAVOR,IMPLICIT,1180373770,2013-12-29 18:04:08
Elites,AGAINST,EXPLICIT,1180373770,2013-12-29 18:04:08
Democrats,FAVOR,IMPLICIT,1180373770,2013-12-29 18:04:08
Conservatives,AGAINST,IMPLICIT,1180373770,2013-12-29 18:04:08
Economy is good,AGAINST,IMPLICIT,1180373770,2013-12-29 18:04:08
Capitalism,AGAINST,IMPLICIT,1180373770,2013-12-29 18:04:08
Jobs are (available | good),AGAINST,IMPLICIT,1180373770,2013-12-29 18:04:08
Republicans (GOP),AGAINST,IMPLICIT,1180373770,2013-12-29 18:04:08
The government,AGAINST,EXPLICIT,1184776684,2014-01-02 22:42:19
Barack Obama,FAVOR,EXPLICIT,1184776684,2014-01-02 22:42:19
America / USA,FAVOR,EXPLICIT,1184776684,2014-01-02 22:42:19
Fossil fuels,AGAINST,IMPLICIT,1184776684,2014-01-02 22:42:19
Liberals,FAVOR,IMPLICIT,1184776684,2014-01-02 22:42:19
Progressives,FAVOR,IMPLICIT,1184776684,2014-01-02 22:42:19
Black people,FAVOR,EXPLICIT,1184776684,2014-01-02 22:42:19
Politicians,AGAINST,EXPLICIT,1184776684,2014-01-02 22:42:19
Elites,AGAINST,EXPLICIT,1184776684,2014-01-02 22:42:19
Democrats,FAVOR,IMPLICIT,1184776684,2014-01-02 22:42:19
Conservatives,AGAINST,EXPLICIT,1184776684,2014-01-02 22:42:19
Diversity,FAVOR,IMPLICIT,1184776684,2014-01-02 22:42:19
Fascism / Nazism,AGAINST,IMPLICIT,1184776684,2014-01-02 22:42:19
Healthcare,FAVOR,EXPLICIT,1184776684,2014-01-02 22:42:19
Capitalism,AGAINST,IMPLICIT,1184776684,2014-01-02 22:42:19
Republicans (GOP),AGAINST,IMPLICIT,1184776684,2014-01-02 22:42:19
Social media,FAVOR,EXPLICIT,1176902018,2013-12-26 01:40:50
Media,FAVOR,EXPLICIT,1176902018,2013-12-26 01:40:50
Sport,FAVOR,EXPLICIT,1225889135,2014-01-31 21:21:47
Elites,AGAINST,EXPLICIT,1225889135,2014-01-31 21:21:47
The government,AGAINST,EXPLICIT,1220691167,2014-01-28 21:28:30
America / USA,AGAINST,IMPLICIT,1220691167,2014-01-28 21:28:30
Liberals,FAVOR,IMPLICIT,1220691167,2014-01-28 21:28:30
Politicians,AGAINST,EXPLICIT,1220691167,2014-01-28 21:28:30
Conservatives,AGAINST,EXPLICIT,1220691167,2014-01-28 21:28:30
Republicans (GOP),AGAINST,EXPLICIT,1220691167,2014-01-28 21:28:30
The government,AGAINST,EXPLICIT,1158165577,2013-12-11 01:51:31
Social welfare,AGAINST,EXPLICIT,1158165577,2013-12-11 01:51:31
Healthcare,AGAINST,EXPLICIT,1158165577,2013-12-11 01:51:31
The government,AGAINST,EXPLICIT,1167966485,2013-12-17 21:24:42
Politicians,AGAINST,EXPLICIT,1167966485,2013-12-17 21:24:42
Conservatives,AGAINST,EXPLICIT,1167966485,2013-12-17 21:24:42
Economy is good,AGAINST,EXPLICIT,1167966485,2013-12-17 21:24:42
Jobs are (available | good),AGAINST,EXPLICIT,1167966485,2013-12-17 21:24:42
Republicans (GOP),AGAINST,EXPLICIT,1167966485,2013-12-17 21:24:42
Crime,AGAINST,EXPLICIT,1179730745,2013-12-29 00:10:00
Journalists,AGAINST,EXPLICIT,1175162318,2013-12-23 23:00:03
Healthcare,AGAINST,EXPLICIT,1175162318,2013-12-23 23:00:03
Media,AGAINST,EXPLICIT,1175162318,2013-12-23 23:00:03
The government,AGAINST,EXPLICIT,1212321098,2014-01-22 19:16:31
America / USA,AGAINST,EXPLICIT,1212321098,2014-01-22 19:16:31
Politicians,AGAINST,EXPLICIT,1212321098,2014-01-22 19:16:31
Taxes are (good | fair),AGAINST,EXPLICIT,1212321098,2014-01-22 19:16:31
Capitalism,AGAINST,EXPLICIT,1212321098,2014-01-22 19:16:31
The government,FAVOR,EXPLICIT,1133668978,2013-11-21 23:14:12
America / USA,FAVOR,EXPLICIT,1133668978,2013-11-21 23:14:12
Conservatives,AGAINST,EXPLICIT,1133668978,2013-11-21 23:14:12
Republicans (GOP),AGAINST,EXPLICIT,1133668978,2013-11-21 23:14:12
Elites,AGAINST,EXPLICIT,1244979202,2014-02-15 02:12:24
The government,FAVOR,EXPLICIT,1212995612,2014-01-23 04:02:29
Taxes are (good | fair),FAVOR,EXPLICIT,1212995612,2014-01-23 04:02:29
Liberals,FAVOR,EXPLICIT,1245114518,2014-02-15 06:00:05
America / USA,AGAINST,EXPLICIT,1232879744,2014-02-06 03:29:37
Conservatives,AGAINST,EXPLICIT,1232879744,2014-02-06 03:29:37
Capitalism,AGAINST,EXPLICIT,1232879744,2014-02-06 03:29:37
Elites,AGAINST,IMPLICIT,1244602412,2014-02-14 19:47:16
Social media,AGAINST,EXPLICIT,1245969993,2014-02-15 18:54:52
Journalists,AGAINST,EXPLICIT,1241924025,2014-02-12 23:03:08
Media,AGAINST,EXPLICIT,1241924025,2014-02-12 23:03:08
Media,AGAINST,EXPLICIT,1177846777,2013-12-27 03:14:37
Republicans (GOP),AGAINST,EXPLICIT,1180733061,2013-12-30 01:01:27
Conservatives,AGAINST,EXPLICIT,1180733061,2013-12-30 01:01:27
Liberals,AGAINST,EXPLICIT,1245021080,2014-02-15 03:14:16
The government,AGAINST,EXPLICIT,1205322899,2014-01-17 04:26:08
Sport,AGAINST,EXPLICIT,1205322899,2014-01-17 04:26:08
America / USA,AGAINST,EXPLICIT,1205322899,2014-01-17 04:26:08
Hobbies,AGAINST,EXPLICIT,1205322899,2014-01-17 04:26:08
Military,AGAINST,EXPLICIT,1205322899,2014-01-17 04:26:08
Elites,AGAINST,EXPLICIT,1244986932,2014-02-15 02:23:42
The government,AGAINST,EXPLICIT,1178898901,2013-12-28 02:19:35
Crime,AGAINST,EXPLICIT,1178898901,2013-12-28 02:19:35
Feminism,FAVOR,IMPLICIT,1178898901,2013-12-28 02:19:35
The government,AGAINST,EXPLICIT,1246167016,2014-02-15 21:53:46
America / USA,AGAINST,EXPLICIT,1246167016,2014-02-15 21:53:46
Politicians,AGAINST,EXPLICIT,1246167016,2014-02-15 21:53:46
Elites,AGAINST,EXPLICIT,1246167016,2014-02-15 21:53:46
Conservatives,AGAINST,EXPLICIT,1246167016,2014-02-15 21:53:46
Republicans (GOP),AGAINST,EXPLICIT,1246167016,2014-02-15 21:53:46
America / USA,AGAINST,IMPLICIT,1242979414,2014-02-13 18:42:15
Liberals,FAVOR,IMPLICIT,1242979414,2014-02-13 18:42:15
Progressives,FAVOR,IMPLICIT,1242979414,2014-02-13 18:42:15
Black people,FAVOR,IMPLICIT,1242979414,2014-02-13 18:42:15
White people,AGAINST,IMPLICIT,1242979414,2014-02-13 18:42:15
Democrats,FAVOR,IMPLICIT,1242979414,2014-02-13 18:42:15
Conservatives,AGAINST,IMPLICIT,1242979414,2014-02-13 18:42:15
Diversity,FAVOR,IMPLICIT,1242979414,2014-02-13 18:42:15
Fascism / Nazism,AGAINST,IMPLICIT,1242979414,2014-02-13 18:42:15
Media,AGAINST,IMPLICIT,1242979414,2014-02-13 18:42:15
Republicans (GOP),AGAINST,IMPLICIT,1242979414,2014-02-13 18:42:15
The government,AGAINST,EXPLICIT,1121967909,2013-11-13 21:54:17
America / USA,AGAINST,EXPLICIT,1121967909,2013-11-13 21:54:17
Crime,AGAINST,EXPLICIT,1121967909,2013-11-13 21:54:17
Politicians,AGAINST,EXPLICIT,1121967909,2013-11-13 21:54:17
Drugs,AGAINST,EXPLICIT,1121967909,2013-11-13 21:54:17
Christians,AGAINST,IMPLICIT,1251763317,2014-02-19 17:31:43
Liberals,FAVOR,IMPLICIT,1251763317,2014-02-19 17:31:43
Conservatives,AGAINST,IMPLICIT,1251763317,2014-02-19 17:31:43
Socialism / Communism,AGAINST,EXPLICIT,1255394380,2014-02-21 21:40:40
Liberals,FAVOR,IMPLICIT,1255394380,2014-02-21 21:40:40
Progressives,FAVOR,IMPLICIT,1255394380,2014-02-21 21:40:40
Democrats,FAVOR,IMPLICIT,1255394380,2014-02-21 21:40:40
Conservatives,AGAINST,EXPLICIT,1255394380,2014-02-21 21:40:40
Russia,AGAINST,EXPLICIT,1255394380,2014-02-21 21:40:40
Republicans (GOP),AGAINST,IMPLICIT,1255394380,2014-02-21 21:40:40
Gay / LGTBQ+,FAVOR,IMPLICIT,1259113312,2014-02-25 00:50:23
The government,AGAINST,EXPLICIT,1255451440,2014-02-21 22:29:48
Russia,AGAINST,EXPLICIT,1255451440,2014-02-21 22:29:48
Christians,AGAINST,EXPLICIT,1246384371,2014-02-16 02:10:28
Christianity,AGAINST,EXPLICIT,1246384371,2014-02-16 02:10:28
The government,AGAINST,EXPLICIT,1263348652,2014-02-27 19:19:56
America / USA,AGAINST,EXPLICIT,1263348652,2014-02-27 19:19:56
Politicians,AGAINST,EXPLICIT,1263348652,2014-02-27 19:19:56
Elites,AGAINST,EXPLICIT,1263348652,2014-02-27 19:19:56
Capitalism,AGAINST,EXPLICIT,1263348652,2014-02-27 19:19:56
Christians,AGAINST,EXPLICIT,1258841415,2014-02-24 21:00:10
Gay / LGTBQ+,FAVOR,IMPLICIT,1258841415,2014-02-24 21:00:10
Christianity,AGAINST,EXPLICIT,1258841415,2014-02-24 21:00:10
Christians,AGAINST,EXPLICIT,1231265879,2014-02-05 00:24:29
Politicians,AGAINST,EXPLICIT,1231265879,2014-02-05 00:24:29
Christianity,AGAINST,EXPLICIT,1231265879,2014-02-05 00:24:29
Healthcare,AGAINST,EXPLICIT,1272230126,2014-03-06 02:26:15
The government,AGAINST,EXPLICIT,1259021934,2014-02-24 23:23:39
Christians,AGAINST,EXPLICIT,1259021934,2014-02-24 23:23:39
Fossil fuels,AGAINST,IMPLICIT,1259021934,2014-02-24 23:23:39
Liberals,FAVOR,IMPLICIT,1259021934,2014-02-24 23:23:39
Progressives,FAVOR,IMPLICIT,1259021934,2014-02-24 23:23:39
Gay / LGTBQ+,FAVOR,EXPLICIT,1259021934,2014-02-24 23:23:39
Politicians,AGAINST,EXPLICIT,1259021934,2014-02-24 23:23:39
Elites,AGAINST,IMPLICIT,1259021934,2014-02-24 23:23:39
Christianity,AGAINST,EXPLICIT,1259021934,2014-02-24 23:23:39
Democrats,FAVOR,IMPLICIT,1259021934,2014-02-24 23:23:39
Conservatives,AGAINST,EXPLICIT,1259021934,2014-02-24 23:23:39
Diversity,FAVOR,IMPLICIT,1259021934,2014-02-24 23:23:39
Capitalism,AGAINST,IMPLICIT,1259021934,2014-02-24 23:23:39
Republicans (GOP),AGAINST,EXPLICIT,1259021934,2014-02-24 23:23:39
Christians,AGAINST,EXPLICIT,1278863500,2014-03-10 17:32:00
Media,AGAINST,EXPLICIT,1300335278,2014-03-24 22:35:09
Conservatives,AGAINST,EXPLICIT,1341656032,2014-04-16 22:10:25
Liberals,FAVOR,IMPLICIT,1325165035,2014-04-09 00:53:55
Progressives,FAVOR,IMPLICIT,1325165035,2014-04-09 00:53:55
Politicians,AGAINST,IMPLICIT,1325165035,2014-04-09 00:53:55
Democrats,FAVOR,IMPLICIT,1325165035,2014-04-09 00:53:55
Conservatives,AGAINST,IMPLICIT,1325165035,2014-04-09 00:53:55
Republicans (GOP),AGAINST,EXPLICIT,1325165035,2014-04-09 00:53:55
Military,AGAINST,EXPLICIT,1285423948,2014-03-15 04:01:05
Climate change is (real | a problem),FAVOR,IMPLICIT,1315821549,2014-04-02 21:53:10
Fossil fuels,AGAINST,EXPLICIT,1315821549,2014-04-02 21:53:10
Sarah Palin,AGAINST,IMPLICIT,1284933895,2014-03-14 20:16:44
Republicans (GOP),AGAINST,IMPLICIT,1284933895,2014-03-14 20:16:44
Politicians,AGAINST,IMPLICIT,1284933895,2014-03-14 20:16:44
Crime,AGAINST,EXPLICIT,1350880862,2014-04-22 20:36:51
Social media,AGAINST,EXPLICIT,1350880862,2014-04-22 20:36:51
Military,AGAINST,EXPLICIT,1303140428,2014-03-26 04:28:28
The government,AGAINST,EXPLICIT,1332600670,2014-04-12 00:28:36
America / USA,AGAINST,EXPLICIT,1332600670,2014-04-12 00:28:36
Liberals,AGAINST,EXPLICIT,1332600670,2014-04-12 00:28:36
Politicians,AGAINST,EXPLICIT,1332600670,2014-04-12 00:28:36
Democrats,AGAINST,EXPLICIT,1332600670,2014-04-12 00:28:36
Conservatives,AGAINST,EXPLICIT,1332600670,2014-04-12 00:28:36
Media,AGAINST,EXPLICIT,1332600670,2014-04-12 00:28:36
Republicans (GOP),AGAINST,EXPLICIT,1332600670,2014-04-12 00:28:36
Conservatives,AGAINST,IMPLICIT,1341463235,2014-04-16 20:38:20
Jobs are (available | good),AGAINST,IMPLICIT,1341463235,2014-04-16 20:38:20
Social media,AGAINST,EXPLICIT,1349432892,2014-04-21 22:25:01
Media,AGAINST,EXPLICIT,1349432892,2014-04-21 22:25:01
Christians,AGAINST,EXPLICIT,1355563570,2014-04-25 18:54:01
Christianity,AGAINST,EXPLICIT,1355563570,2014-04-25 18:54:01
Conservatives,AGAINST,EXPLICIT,1355563570,2014-04-25 18:54:01
Republicans (GOP),AGAINST,EXPLICIT,1355563570,2014-04-25 18:54:01
Christians,AGAINST,EXPLICIT,1296859622,2014-03-22 21:55:06
Christianity,AGAINST,EXPLICIT,1296859622,2014-03-22 21:55:06
Liberals,FAVOR,EXPLICIT,1308817364,2014-03-28 20:50:01
Progressives,FAVOR,EXPLICIT,1308817364,2014-03-28 20:50:01
Christianity,AGAINST,EXPLICIT,1308817364,2014-03-28 20:50:01
Conservatives,AGAINST,EXPLICIT,1308817364,2014-03-28 20:50:01
The government,AGAINST,EXPLICIT,1321767733,2014-04-07 00:36:12
Politicians,AGAINST,EXPLICIT,1321767733,2014-04-07 00:36:12
Republicans (GOP),AGAINST,EXPLICIT,1321767733,2014-04-07 00:36:12
Taxes are (good | fair),AGAINST,EXPLICIT,1349823570,2014-04-22 04:37:41
Politicians,AGAINST,IMPLICIT,1340779613,2014-04-16 16:47:34
Conservatives,AGAINST,IMPLICIT,1340779613,2014-04-16 16:47:34
Republicans (GOP),AGAINST,IMPLICIT,1340779613,2014-04-16 16:47:34
Crime,AGAINST,EXPLICIT,1247254863,2014-02-16 22:29:27
The government,AGAINST,EXPLICIT,1368290139,2014-05-03 19:22:41
Politicians,AGAINST,EXPLICIT,1368290139,2014-05-03 19:22:41
Elites,AGAINST,EXPLICIT,1368290139,2014-05-03 19:22:41
Conservatives,AGAINST,EXPLICIT,1368290139,2014-05-03 19:22:41
Republicans (GOP),AGAINST,EXPLICIT,1368290139,2014-05-03 19:22:41
The government,AGAINST,EXPLICIT,1352915697,2014-04-24 03:17:10
America / USA,AGAINST,EXPLICIT,1352915697,2014-04-24 03:17:10
Politicians,AGAINST,EXPLICIT,1352915697,2014-04-24 03:17:10
Elites,AGAINST,EXPLICIT,1352915697,2014-04-24 03:17:10
Fascism / Nazism,AGAINST,EXPLICIT,1352915697,2014-04-24 03:17:10
Climate change is (real | a problem),AGAINST,EXPLICIT,1350848442,2014-04-22 20:14:52
The government,AGAINST,EXPLICIT,1385117224,2014-05-14 17:29:25
Gay / LGTBQ+,FAVOR,EXPLICIT,1385117224,2014-05-14 17:29:25
Politicians,AGAINST,EXPLICIT,1385117224,2014-05-14 17:29:25
Conservatives,AGAINST,EXPLICIT,1385117224,2014-05-14 17:29:25
Diversity,FAVOR,EXPLICIT,1385117224,2014-05-14 17:29:25
Conservatives,AGAINST,EXPLICIT,1356875980,2014-04-26 19:58:16
Republicans (GOP),AGAINST,EXPLICIT,1356875980,2014-04-26 19:58:16
Social media,FAVOR,EXPLICIT,1362871288,2014-04-30 19:47:05
Politicians,AGAINST,EXPLICIT,1374061135,2014-05-07 20:22:25
Politicians,AGAINST,EXPLICIT,1377663642,2014-05-10 02:33:25
Crime,AGAINST,EXPLICIT,1390796265,2014-05-17 15:52:46
The government,FAVOR,EXPLICIT,1389831907,2014-05-16 21:35:46
America / USA,FAVOR,EXPLICIT,1389831907,2014-05-16 21:35:46
Crime,AGAINST,EXPLICIT,1389831907,2014-05-16 21:35:46
Democrats,AGAINST,EXPLICIT,1343907343,2014-04-17 22:03:34
Conservatives,AGAINST,EXPLICIT,1343907343,2014-04-17 22:03:34
Republicans (GOP),AGAINST,EXPLICIT,1343907343,2014-04-17 22:03:34
Crime,AGAINST,EXPLICIT,1380102018,2014-05-11 19:38:05
Social media,AGAINST,EXPLICIT,1380102018,2014-05-11 19:38:05
Crime,AGAINST,EXPLICIT,1366912732,2014-05-02 21:05:44
Politicians,AGAINST,IMPLICIT,1366912732,2014-05-02 21:05:44
Elites,AGAINST,IMPLICIT,1366912732,2014-05-02 21:05:44
Republicans (GOP),AGAINST,IMPLICIT,1366912732,2014-05-02 21:05:44
Socialism / Communism,AGAINST,EXPLICIT,1396303062,2014-05-20 21:38:21
Liberals,AGAINST,EXPLICIT,1357225046,2014-04-27 02:40:37
Democrats,AGAINST,IMPLICIT,1357225046,2014-04-27 02:40:37
Economy is good,AGAINST,IMPLICIT,1357225046,2014-04-27 02:40:37
Taxes are (good | fair),AGAINST,IMPLICIT,1357225046,2014-04-27 02:40:37
Christians,AGAINST,EXPLICIT,1415401493,2014-06-02 01:04:37
Christianity,AGAINST,EXPLICIT,1415401493,2014-06-02 01:04:37
Social media,FAVOR,EXPLICIT,1389851454,2014-05-16 21:40:51
Media,FAVOR,EXPLICIT,1389851454,2014-05-16 21:40:51
Sarah Palin,AGAINST,EXPLICIT,1376822955,2014-05-09 16:13:18
Republicans (GOP),AGAINST,EXPLICIT,1376822955,2014-05-09 16:13:18
Fossil fuels,AGAINST,EXPLICIT,1393878281,2014-05-19 18:48:15
Media,AGAINST,EXPLICIT,1393878281,2014-05-19 18:48:15
Republicans (GOP),AGAINST,IMPLICIT,1393878281,2014-05-19 18:48:15
America / USA,AGAINST,EXPLICIT,1406942745,2014-05-27 18:12:35
Crime,AGAINST,EXPLICIT,1406942745,2014-05-27 18:12:35
Hobbies,AGAINST,EXPLICIT,1406942745,2014-05-27 18:12:35
Conservatives,AGAINST,IMPLICIT,1416515998,2014-06-02 19:38:42
America / USA,AGAINST,EXPLICIT,1416951875,2014-06-03 01:19:12
Liberals,FAVOR,IMPLICIT,1416951875,2014-06-03 01:19:12
Progressives,FAVOR,IMPLICIT,1416951875,2014-06-03 01:19:12
Politicians,AGAINST,EXPLICIT,1416951875,2014-06-03 01:19:12
Democrats,FAVOR,IMPLICIT,1416951875,2014-06-03 01:19:12
Conservatives,AGAINST,EXPLICIT,1416951875,2014-06-03 01:19:12
Social media,AGAINST,EXPLICIT,1416951875,2014-06-03 01:19:12
Media,AGAINST,EXPLICIT,1416951875,2014-06-03 01:19:12
Republicans (GOP),AGAINST,EXPLICIT,1416951875,2014-06-03 01:19:12
The government,AGAINST,EXPLICIT,1398407563,2014-05-21 21:03:27
Christians,AGAINST,IMPLICIT,1398407563,2014-05-21 21:03:27
America / USA,AGAINST,IMPLICIT,1398407563,2014-05-21 21:03:27
Gay / LGTBQ+,AGAINST,IMPLICIT,1398407563,2014-05-21 21:03:27
Politicians,AGAINST,EXPLICIT,1398407563,2014-05-21 21:03:27
Christianity,AGAINST,IMPLICIT,1398407563,2014-05-21 21:03:27
Conservatives,AGAINST,EXPLICIT,1398407563,2014-05-21 21:03:27
Republicans (GOP),AGAINST,EXPLICIT,1398407563,2014-05-21 21:03:27
Republicans (GOP),AGAINST,EXPLICIT,1387466610,2014-05-15 16:51:11
Liberals,AGAINST,EXPLICIT,1375712066,2014-05-08 21:03:21
Progressives,AGAINST,EXPLICIT,1375712066,2014-05-08 21:03:21
Politicians,AGAINST,EXPLICIT,1375712066,2014-05-08 21:03:21
Elites,AGAINST,EXPLICIT,1375712066,2014-05-08 21:03:21
Democrats,AGAINST,EXPLICIT,1375712066,2014-05-08 21:03:21
Conservatives,AGAINST,EXPLICIT,1375712066,2014-05-08 21:03:21
Media,AGAINST,EXPLICIT,1375712066,2014-05-08 21:03:21
Republicans (GOP),AGAINST,EXPLICIT,1375712066,2014-05-08 21:03:21
The government,AGAINST,EXPLICIT,1438597062,2014-06-17 00:45:46
America / USA,FAVOR,EXPLICIT,1438597062,2014-06-17 00:45:46
Crime,AGAINST,EXPLICIT,1438597062,2014-06-17 00:45:46
Liberals,AGAINST,IMPLICIT,1438597062,2014-06-17 00:45:46
Progressives,AGAINST,IMPLICIT,1438597062,2014-06-17 00:45:46
Politicians,AGAINST,EXPLICIT,1438597062,2014-06-17 00:45:46
Elites,AGAINST,IMPLICIT,1438597062,2014-06-17 00:45:46
Democrats,AGAINST,IMPLICIT,1438597062,2014-06-17 00:45:46
Conservatives,FAVOR,IMPLICIT,1438597062,2014-06-17 00:45:46
Media,AGAINST,EXPLICIT,1438597062,2014-06-17 00:45:46
Republicans (GOP),AGAINST,IMPLICIT,1438597062,2014-06-17 00:45:46
Christians,AGAINST,IMPLICIT,1419395531,2014-06-04 16:51:56
Christianity,AGAINST,IMPLICIT,1419395531,2014-06-04 16:51:56
The government,AGAINST,IMPLICIT,1444087827,2014-06-19 16:14:50
Military,AGAINST,IMPLICIT,1444087827,2014-06-19 16:14:50
Social media,AGAINST,EXPLICIT,1442998799,2014-06-18 23:20:24
Journalists,AGAINST,EXPLICIT,1464254400,2014-07-02 00:08:25
Social media,AGAINST,EXPLICIT,1464254400,2014-07-02 00:08:25
Media,AGAINST,EXPLICIT,1464254400,2014-07-02 00:08:25
Liberals,FAVOR,EXPLICIT,1410560851,2014-05-29 17:56:51
Democrats,FAVOR,IMPLICIT,1410560851,2014-05-29 17:56:51
Conservatives,AGAINST,EXPLICIT,1410560851,2014-05-29 17:56:51
Republicans (GOP),AGAINST,IMPLICIT,1410560851,2014-05-29 17:56:51
Feminism,AGAINST,IMPLICIT,1446885291,2014-06-21 00:36:37
Liberals,AGAINST,IMPLICIT,1446885291,2014-06-21 00:36:37
Republicans (GOP),AGAINST,EXPLICIT,1418031191,2014-06-03 18:46:30
Crime,AGAINST,EXPLICIT,1456545954,2014-06-27 02:48:24
White people,AGAINST,EXPLICIT,1456545954,2014-06-27 02:48:24
Journalists,AGAINST,EXPLICIT,1492039036,2014-07-18 21:53:57
Media,AGAINST,EXPLICIT,1492039036,2014-07-18 21:53:57
Conservatives,AGAINST,IMPLICIT,1486560720,2014-07-15 19:10:43
Liberals,AGAINST,EXPLICIT,1417005343,2014-06-03 02:10:22
Crime,AGAINST,EXPLICIT,1419472695,2014-06-04 17:13:53
Conservatives,AGAINST,EXPLICIT,1401493070,2014-05-23 20:32:46
Politicians,AGAINST,EXPLICIT,1595740445,2014-09-19 03:43:49
Democrats,FAVOR,EXPLICIT,1595740445,2014-09-19 03:43:49
Conservatives,AGAINST,EXPLICIT,1595740445,2014-09-19 03:43:49
Republicans (GOP),AGAINST,EXPLICIT,1595740445,2014-09-19 03:43:49
Democrats,FAVOR,EXPLICIT,1417058063,2014-06-03 03:04:30
Conservatives,AGAINST,EXPLICIT,1417058063,2014-06-03 03:04:30
Republicans (GOP),AGAINST,EXPLICIT,1417058063,2014-06-03 03:04:30
Crime,FAVOR,EXPLICIT,1420106022,2014-06-04 23:33:55
Police,FAVOR,EXPLICIT,1420106022,2014-06-04 23:33:55
Feminism,FAVOR,EXPLICIT,1349333469,2014-04-21 21:04:13
Abortion,FAVOR,EXPLICIT,1349333469,2014-04-21 21:04:13
The government,AGAINST,EXPLICIT,1399886737,2014-05-22 19:41:42
Politicians,AGAINST,EXPLICIT,1399886737,2014-05-22 19:41:42
Elites,AGAINST,EXPLICIT,1416810167,2014-06-02 23:22:35
Conservatives,AGAINST,IMPLICIT,1416810167,2014-06-02 23:22:35
Capitalism,AGAINST,EXPLICIT,1416810167,2014-06-02 23:22:35
Republicans (GOP),AGAINST,IMPLICIT,1416810167,2014-06-02 23:22:35
Politicians,AGAINST,EXPLICIT,1586118039,2014-09-12 17:02:10
Conservatives,AGAINST,EXPLICIT,1586118039,2014-09-12 17:02:10
Republicans (GOP),AGAINST,EXPLICIT,1586118039,2014-09-12 17:02:10
Crime,AGAINST,EXPLICIT,1445943003,2014-06-20 19:05:53
Hobbies,AGAINST,EXPLICIT,1445943003,2014-06-20 19:05:53
Police,FAVOR,EXPLICIT,1445943003,2014-06-20 19:05:53
Christians,AGAINST,EXPLICIT,1522835789,2014-08-02 20:53:19
Christianity,AGAINST,EXPLICIT,1522835789,2014-08-02 20:53:19
Conservatives,AGAINST,IMPLICIT,1522835789,2014-08-02 20:53:19
Republicans (GOP),AGAINST,IMPLICIT,1522835789,2014-08-02 20:53:19
Politicians,AGAINST,EXPLICIT,1503908328,2014-07-25 19:51:31
Republicans (GOP),AGAINST,EXPLICIT,1503908328,2014-07-25 19:51:31
Conservatives,AGAINST,IMPLICIT,1450448216,2014-06-23 21:08:31
Media,AGAINST,IMPLICIT,1450448216,2014-06-23 21:08:31
Republicans (GOP),AGAINST,EXPLICIT,1450448216,2014-06-23 21:08:31
Scientists,AGAINST,EXPLICIT,1705817979,2014-11-21 18:38:24
Social media,AGAINST,EXPLICIT,1460542311,2014-06-29 18:29:28
Hillary Clinton,AGAINST,EXPLICIT,1608492867,2014-09-27 17:29:23
Barack Obama,FAVOR,EXPLICIT,1486331272,2014-07-15 16:47:01
Politicians,AGAINST,EXPLICIT,1486331272,2014-07-15 16:47:01
Democrats,FAVOR,EXPLICIT,1486331272,2014-07-15 16:47:01
Conservatives,AGAINST,EXPLICIT,1486331272,2014-07-15 16:47:01
Republicans (GOP),AGAINST,EXPLICIT,1486331272,2014-07-15 16:47:01
The government,AGAINST,EXPLICIT,1710779551,2014-11-24 23:00:05
America / USA,AGAINST,EXPLICIT,1710779551,2014-11-24 23:00:05
Politicians,AGAINST,EXPLICIT,1710779551,2014-11-24 23:00:05
Elites,AGAINST,EXPLICIT,1710779551,2014-11-24 23:00:05
Capitalism,AGAINST,EXPLICIT,1710779551,2014-11-24 23:00:05
Social welfare,FAVOR,EXPLICIT,1622430449,2014-10-06 22:09:42
Elites,AGAINST,EXPLICIT,1622430449,2014-10-06 22:09:42
Economy is good,AGAINST,IMPLICIT,1622430449,2014-10-06 22:09:42
Capitalism,AGAINST,EXPLICIT,1622430449,2014-10-06 22:09:42
Conservatives,AGAINST,EXPLICIT,1752189560,2014-12-20 23:18:50
Republicans (GOP),AGAINST,EXPLICIT,1752189560,2014-12-20 23:18:50
The government,AGAINST,EXPLICIT,1741778985,2014-12-14 19:02:02
The government,AGAINST,EXPLICIT,1787395249,2015-01-11 20:43:01
America / USA,AGAINST,EXPLICIT,1787395249,2015-01-11 20:43:01
Politicians,AGAINST,EXPLICIT,1787395249,2015-01-11 20:43:01
Media,AGAINST,EXPLICIT,1787395249,2015-01-11 20:43:01
Economy is good,AGAINST,EXPLICIT,1458611300,2014-06-28 00:42:19
Capitalism,AGAINST,EXPLICIT,1458611300,2014-06-28 00:42:19
Jobs are (available | good),AGAINST,EXPLICIT,1458611300,2014-06-28 00:42:19
Social welfare,AGAINST,EXPLICIT,1717994983,2014-11-29 17:27:00
Elites,AGAINST,EXPLICIT,1717994983,2014-11-29 17:27:00
Economy is good,AGAINST,EXPLICIT,1717994983,2014-11-29 17:27:00
Media,AGAINST,EXPLICIT,1717994983,2014-11-29 17:27:00
Capitalism,AGAINST,EXPLICIT,1717994983,2014-11-29 17:27:00
Jobs are (available | good),AGAINST,EXPLICIT,1717994983,2014-11-29 17:27:00
The government,AGAINST,EXPLICIT,1730642879,2014-12-08 00:49:27
America / USA,AGAINST,EXPLICIT,1730642879,2014-12-08 00:49:27
Crime,AGAINST,EXPLICIT,1730642879,2014-12-08 00:49:27
Police,AGAINST,EXPLICIT,1730642879,2014-12-08 00:49:27
Politicians,AGAINST,EXPLICIT,1730642879,2014-12-08 00:49:27
Media,AGAINST,EXPLICIT,1730642879,2014-12-08 00:49:27
The government,AGAINST,EXPLICIT,1679819400,2014-11-06 16:59:11
America / USA,AGAINST,EXPLICIT,1679819400,2014-11-06 16:59:11
Elites,AGAINST,IMPLICIT,1679819400,2014-11-06 16:59:11
Capitalism,AGAINST,IMPLICIT,1679819400,2014-11-06 16:59:11
Republicans (GOP),AGAINST,EXPLICIT,1679819400,2014-11-06 16:59:11
The government,AGAINST,EXPLICIT,1773903734,2015-01-06 01:30:44
Politicians,AGAINST,EXPLICIT,1773903734,2015-01-06 01:30:44
Conservatives,AGAINST,EXPLICIT,1773903734,2015-01-06 01:30:44
Healthcare,AGAINST,EXPLICIT,1773903734,2015-01-06 01:30:44
Republicans (GOP),AGAINST,EXPLICIT,1773903734,2015-01-06 01:30:44
America / USA,AGAINST,EXPLICIT,1871055707,2015-02-23 17:50:57
Conservatives,AGAINST,EXPLICIT,1871055707,2015-02-23 17:50:57
Republicans (GOP),AGAINST,EXPLICIT,1871055707,2015-02-23 17:50:57
Vaccines,FAVOR,EXPLICIT,1831796386,2015-02-03 04:03:02
Politicians,AGAINST,EXPLICIT,1779827985,2015-01-08 22:17:29
Media,AGAINST,EXPLICIT,1779827985,2015-01-08 22:17:29
Conservatives,AGAINST,EXPLICIT,1748928485,2014-12-18 18:40:59
Republicans (GOP),AGAINST,EXPLICIT,1748928485,2014-12-18 18:40:59
Scientists,FAVOR,EXPLICIT,1735551142,2014-12-10 19:43:52
Healthcare,AGAINST,EXPLICIT,1735551142,2014-12-10 19:43:52
Vaccines,FAVOR,EXPLICIT,1831356505,2015-02-02 22:13:57
Media,AGAINST,EXPLICIT,1802726077,2015-01-19 18:24:35
Feminism,FAVOR,EXPLICIT,1731601294,2014-12-08 16:46:09
Hillary Clinton,AGAINST,EXPLICIT,1864038654,2015-02-19 16:58:33
The government,AGAINST,EXPLICIT,1794688237,2015-01-15 21:18:50
America / USA,AGAINST,EXPLICIT,1794688237,2015-01-15 21:18:50
Politicians,AGAINST,EXPLICIT,1794688237,2015-01-15 21:18:50
Elites,AGAINST,EXPLICIT,1794688237,2015-01-15 21:18:50
Economy is good,AGAINST,EXPLICIT,1794688237,2015-01-15 21:18:50
Capitalism,AGAINST,EXPLICIT,1794688237,2015-01-15 21:18:50
Jobs are (available | good),AGAINST,EXPLICIT,1794688237,2015-01-15 21:18:50
Republicans (GOP),AGAINST,EXPLICIT,1794688237,2015-01-15 21:18:50
The government,AGAINST,EXPLICIT,1900219768,2015-03-11 00:22:17
Socialism / Communism,AGAINST,EXPLICIT,1900219768,2015-03-11 00:22:17
Crime,AGAINST,EXPLICIT,1900219768,2015-03-11 00:22:17
Liberals,AGAINST,EXPLICIT,1900219768,2015-03-11 00:22:17
Progressives,AGAINST,EXPLICIT,1900219768,2015-03-11 00:22:17
Politicians,AGAINST,EXPLICIT,1900219768,2015-03-11 00:22:17
Democrats,AGAINST,EXPLICIT,1900219768,2015-03-11 00:22:17
The government,AGAINST,EXPLICIT,1808840201,2015-01-21 21:28:53
Barack Obama,FAVOR,EXPLICIT,1808840201,2015-01-21 21:28:53
Politicians,AGAINST,EXPLICIT,1808840201,2015-01-21 21:28:53
Democrats,FAVOR,EXPLICIT,1808840201,2015-01-21 21:28:53
Conservatives,AGAINST,EXPLICIT,1808840201,2015-01-21 21:28:53
Republicans (GOP),AGAINST,EXPLICIT,1808840201,2015-01-21 21:28:53
Politicians,AGAINST,EXPLICIT,1747866663,2014-12-18 03:45:42
Media,AGAINST,EXPLICIT,1865062391,2015-02-20 03:39:23
Christians,AGAINST,EXPLICIT,1844798544,2015-02-10 01:30:14
Christianity,AGAINST,EXPLICIT,1844798544,2015-02-10 01:30:14
Conservatives,AGAINST,EXPLICIT,1844798544,2015-02-10 01:30:14
Republicans (GOP),AGAINST,EXPLICIT,1844798544,2015-02-10 01:30:14
Barack Obama,AGAINST,EXPLICIT,1765359077,2014-12-31 00:33:51
Politicians,AGAINST,EXPLICIT,1765359077,2014-12-31 00:33:51
Vaccines,AGAINST,EXPLICIT,1831351449,2015-02-02 22:10:37
Scientists,AGAINST,EXPLICIT,1831351449,2015-02-02 22:10:37
America / USA,AGAINST,EXPLICIT,1844055926,2015-02-09 18:29:49
Politicians,AGAINST,EXPLICIT,1844055926,2015-02-09 18:29:49
Elites,AGAINST,EXPLICIT,1844055926,2015-02-09 18:29:49
Conservatives,AGAINST,EXPLICIT,1844055926,2015-02-09 18:29:49
Healthcare,AGAINST,EXPLICIT,1844055926,2015-02-09 18:29:49
Capitalism,AGAINST,EXPLICIT,1844055926,2015-02-09 18:29:49
Republicans (GOP),AGAINST,EXPLICIT,1844055926,2015-02-09 18:29:49
Nancy Pelosi,AGAINST,EXPLICIT,1777742694,2015-01-08 04:06:27
Politicians,AGAINST,EXPLICIT,1796411909,2015-01-16 20:53:47
Republicans (GOP),AGAINST,EXPLICIT,1796411909,2015-01-16 20:53:47
The government,AGAINST,EXPLICIT,1780798064,2015-01-09 00:44:49
Politicians,AGAINST,EXPLICIT,1780798064,2015-01-09 00:44:49
Elites,AGAINST,EXPLICIT,1780798064,2015-01-09 00:44:49
Capitalism,AGAINST,EXPLICIT,1780798064,2015-01-09 00:44:49
Republicans (GOP),AGAINST,EXPLICIT,1780798064,2015-01-09 00:44:49
Journalists,AGAINST,EXPLICIT,1787195957,2015-01-11 18:17:21
Scientists,FAVOR,EXPLICIT,1787195957,2015-01-11 18:17:21
Social media,AGAINST,EXPLICIT,1787195957,2015-01-11 18:17:21
Media,AGAINST,EXPLICIT,1787195957,2015-01-11 18:17:21
Journalists,AGAINST,EXPLICIT,1871352333,2015-02-23 20:24:03
America / USA,AGAINST,EXPLICIT,1871352333,2015-02-23 20:24:03
Politicians,AGAINST,EXPLICIT,1871352333,2015-02-23 20:24:03
Elites,AGAINST,IMPLICIT,1871352333,2015-02-23 20:24:03
Conservatives,AGAINST,IMPLICIT,1871352333,2015-02-23 20:24:03
Media,AGAINST,EXPLICIT,1871352333,2015-02-23 20:24:03
Republicans (GOP),AGAINST,IMPLICIT,1871352333,2015-02-23 20:24:03
The government,AGAINST,EXPLICIT,1877196166,2015-02-26 19:03:17
Politicians,AGAINST,EXPLICIT,1877196166,2015-02-26 19:03:17
Elites,AGAINST,EXPLICIT,1877196166,2015-02-26 19:03:17
Conservatives,AGAINST,EXPLICIT,1877196166,2015-02-26 19:03:17
Republicans (GOP),AGAINST,EXPLICIT,1877196166,2015-02-26 19:03:17
Fossil fuels,AGAINST,IMPLICIT,1855519845,2015-02-14 18:15:14
Politicians,AGAINST,IMPLICIT,1855519845,2015-02-14 18:15:14
Conservatives,AGAINST,IMPLICIT,1855519845,2015-02-14 18:15:14
Capitalism,AGAINST,IMPLICIT,1855519845,2015-02-14 18:15:14
Republicans (GOP),AGAINST,IMPLICIT,1855519845,2015-02-14 18:15:14
Politicians,AGAINST,EXPLICIT,1918356831,2015-03-20 16:44:59
Republicans (GOP),AGAINST,IMPLICIT,1918356831,2015-03-20 16:44:59
Politicians,AGAINST,EXPLICIT,1900214591,2015-03-11 00:18:24
Media,AGAINST,IMPLICIT,1900214591,2015-03-11 00:18:24
Republicans (GOP),AGAINST,EXPLICIT,1900214591,2015-03-11 00:18:24
Police,AGAINST,EXPLICIT,2007152179,2015-05-05 20:59:08
Socialism / Communism,AGAINST,EXPLICIT,1758023856,2014-12-24 20:09:34
Journalists,AGAINST,EXPLICIT,1745490363,2014-12-16 19:23:16
The government,AGAINST,EXPLICIT,1745490363,2014-12-16 19:23:16
America / USA,AGAINST,EXPLICIT,1745490363,2014-12-16 19:23:16
Liberals,AGAINST,EXPLICIT,1745490363,2014-12-16 19:23:16
Politicians,AGAINST,EXPLICIT,1745490363,2014-12-16 19:23:16
Media,AGAINST,EXPLICIT,1745490363,2014-12-16 19:23:16
Republicans (GOP),AGAINST,EXPLICIT,1745490363,2014-12-16 19:23:16
The government,AGAINST,EXPLICIT,1865075305,2015-02-20 03:51:33
America / USA,AGAINST,EXPLICIT,1865075305,2015-02-20 03:51:33
Liberals,FAVOR,IMPLICIT,1865075305,2015-02-20 03:51:33
Progressives,FAVOR,IMPLICIT,1865075305,2015-02-20 03:51:33
Politicians,AGAINST,EXPLICIT,1865075305,2015-02-20 03:51:33
Democrats,FAVOR,IMPLICIT,1865075305,2015-02-20 03:51:33
Conservatives,AGAINST,EXPLICIT,1865075305,2015-02-20 03:51:33
Media,AGAINST,EXPLICIT,1865075305,2015-02-20 03:51:33
Republicans (GOP),AGAINST,EXPLICIT,1865075305,2015-02-20 03:51:33
Socialism / Communism,AGAINST,EXPLICIT,2077332196,2015-06-13 16:09:11
Hillary Clinton,FAVOR,EXPLICIT,2077332196,2015-06-13 16:09:11
Politicians,AGAINST,EXPLICIT,2077332196,2015-06-13 16:09:11
Democrats,FAVOR,IMPLICIT,2077332196,2015-06-13 16:09:11
Conservatives,AGAINST,IMPLICIT,2077332196,2015-06-13 16:09:11
Republicans (GOP),AGAINST,EXPLICIT,2077332196,2015-06-13 16:09:11
The government,AGAINST,EXPLICIT,2033843663,2015-05-19 16:03:22
America / USA,AGAINST,EXPLICIT,2033843663,2015-05-19 16:03:22
Politicians,AGAINST,EXPLICIT,2033843663,2015-05-19 16:03:22
Republicans (GOP),AGAINST,EXPLICIT,2033843663,2015-05-19 16:03:22
Conservatives,AGAINST,EXPLICIT,2032037966,2015-05-18 16:20:19
Republicans (GOP),AGAINST,EXPLICIT,2032037966,2015-05-18 16:20:19
The government,AGAINST,EXPLICIT,2086383075,2015-06-18 18:15:33
Crime,AGAINST,EXPLICIT,2086383075,2015-06-18 18:15:33
Liberals,FAVOR,IMPLICIT,2086383075,2015-06-18 18:15:33
Progressives,FAVOR,IMPLICIT,2086383075,2015-06-18 18:15:33
Politicians,AGAINST,EXPLICIT,2086383075,2015-06-18 18:15:33
Democrats,FAVOR,IMPLICIT,2086383075,2015-06-18 18:15:33
Conservatives,AGAINST,EXPLICIT,2086383075,2015-06-18 18:15:33
Republicans (GOP),AGAINST,EXPLICIT,2086383075,2015-06-18 18:15:33
Healthcare,AGAINST,EXPLICIT,1967912912,2015-04-15 00:11:31
Drugs,AGAINST,EXPLICIT,1967912912,2015-04-15 00:11:31
The government,AGAINST,EXPLICIT,2127285886,2015-07-09 20:50:34
Politicians,AGAINST,EXPLICIT,2127285886,2015-07-09 20:50:34
Social welfare,AGAINST,EXPLICIT,2127285886,2015-07-09 20:50:34
Elites,AGAINST,EXPLICIT,2127285886,2015-07-09 20:50:34
Military,AGAINST,IMPLICIT,2127285886,2015-07-09 20:50:34
Healthcare,AGAINST,IMPLICIT,2127285886,2015-07-09 20:50:34
Capitalism,AGAINST,IMPLICIT,2127285886,2015-07-09 20:50:34
Jobs are (available | good),AGAINST,IMPLICIT,2127285886,2015-07-09 20:50:34
America / USA,AGAINST,IMPLICIT,2072605885,2015-06-10 21:24:47
Conservatives,AGAINST,IMPLICIT,2072605885,2015-06-10 21:24:47
Republicans (GOP),AGAINST,IMPLICIT,2072605885,2015-06-10 21:24:47
The government,AGAINST,IMPLICIT,2157916132,2015-07-26 17:12:46
America / USA,AGAINST,IMPLICIT,2157916132,2015-07-26 17:12:46
Politicians,AGAINST,IMPLICIT,2157916132,2015-07-26 17:12:46
The government,AGAINST,EXPLICIT,2033856309,2015-05-19 16:10:28
America / USA,AGAINST,EXPLICIT,2033856309,2015-05-19 16:10:28
Crime,AGAINST,EXPLICIT,2033856309,2015-05-19 16:10:28
Politicians,AGAINST,EXPLICIT,2033856309,2015-05-19 16:10:28
Military,AGAINST,EXPLICIT,2033856309,2015-05-19 16:10:28
Christians,AGAINST,EXPLICIT,1930698274,2015-03-27 04:14:04
Politicians,AGAINST,EXPLICIT,1930698274,2015-03-27 04:14:04
Elites,AGAINST,EXPLICIT,1930698274,2015-03-27 04:14:04
Christianity,AGAINST,EXPLICIT,1930698274,2015-03-27 04:14:04
Conservatives,AGAINST,EXPLICIT,1930698274,2015-03-27 04:14:04
Capitalism,AGAINST,EXPLICIT,1930698274,2015-03-27 04:14:04
The government,AGAINST,EXPLICIT,2136643009,2015-07-14 21:13:38
Politicians,AGAINST,EXPLICIT,2136643009,2015-07-14 21:13:38
The government,AGAINST,IMPLICIT,2154201862,2015-07-24 03:08:55
America / USA,AGAINST,IMPLICIT,2154201862,2015-07-24 03:08:55
Politicians,AGAINST,EXPLICIT,2154201862,2015-07-24 03:08:55
Elites,AGAINST,IMPLICIT,2154201862,2015-07-24 03:08:55
Conservatives,AGAINST,IMPLICIT,2154201862,2015-07-24 03:08:55
Republicans (GOP),AGAINST,IMPLICIT,2154201862,2015-07-24 03:08:55
Terrorism,AGAINST,IMPLICIT,2050745838,2015-05-29 00:20:10
Christians,AGAINST,EXPLICIT,2050745838,2015-05-29 00:20:10
Islam,AGAINST,EXPLICIT,2050745838,2015-05-29 00:20:10
Muslims,AGAINST,EXPLICIT,2050745838,2015-05-29 00:20:10
Christianity,AGAINST,EXPLICIT,2050745838,2015-05-29 00:20:10
America / USA,AGAINST,EXPLICIT,2154241635,2015-07-24 03:59:04
Crime,AGAINST,EXPLICIT,2154241635,2015-07-24 03:59:04
Feminism,FAVOR,EXPLICIT,2154241635,2015-07-24 03:59:04
Liberals,FAVOR,EXPLICIT,2154241635,2015-07-24 03:59:04
Progressives,FAVOR,EXPLICIT,2154241635,2015-07-24 03:59:04
Politicians,AGAINST,EXPLICIT,2154241635,2015-07-24 03:59:04
Social welfare,FAVOR,EXPLICIT,2154241635,2015-07-24 03:59:04
Democrats,FAVOR,EXPLICIT,2154241635,2015-07-24 03:59:04
Conservatives,AGAINST,EXPLICIT,2154241635,2015-07-24 03:59:04
Healthcare,FAVOR,EXPLICIT,2154241635,2015-07-24 03:59:04
Media,AGAINST,EXPLICIT,2154241635,2015-07-24 03:59:04
Republicans (GOP),AGAINST,EXPLICIT,2154241635,2015-07-24 03:59:04
Abortion,FAVOR,EXPLICIT,2154241635,2015-07-24 03:59:04
Food,FAVOR,EXPLICIT,2158522268,2015-07-27 01:25:39
Abortion,FAVOR,EXPLICIT,2160448757,2015-07-28 01:37:32
Liberals,FAVOR,EXPLICIT,1942396236,2015-04-02 17:39:54
Terrorism,AGAINST,EXPLICIT,2088784555,2015-06-19 22:14:33
Crime,AGAINST,EXPLICIT,2088784555,2015-06-19 22:14:33
Politicians,AGAINST,EXPLICIT,2088784555,2015-06-19 22:14:33
The government,AGAINST,EXPLICIT,2022643167,2015-05-13 17:03:26
America / USA,AGAINST,EXPLICIT,2022643167,2015-05-13 17:03:26
Liberals,FAVOR,IMPLICIT,2022643167,2015-05-13 17:03:26
Progressives,FAVOR,IMPLICIT,2022643167,2015-05-13 17:03:26
Politicians,AGAINST,EXPLICIT,2022643167,2015-05-13 17:03:26
Democrats,FAVOR,IMPLICIT,2022643167,2015-05-13 17:03:26
Conservatives,AGAINST,EXPLICIT,2022643167,2015-05-13 17:03:26
Media,AGAINST,EXPLICIT,2022643167,2015-05-13 17:03:26
Republicans (GOP),AGAINST,EXPLICIT,2022643167,2015-05-13 17:03:26
The government,AGAINST,EXPLICIT,2146900874,2015-07-20 16:16:22
America / USA,AGAINST,EXPLICIT,2146900874,2015-07-20 16:16:22
Journalists,AGAINST,EXPLICIT,2116921578,2015-07-04 19:52:25
Media,AGAINST,EXPLICIT,2116921578,2015-07-04 19:52:25
The government,AGAINST,EXPLICIT,2073979997,2015-06-11 16:42:30
Liberals,FAVOR,EXPLICIT,2073979997,2015-06-11 16:42:30
Progressives,FAVOR,EXPLICIT,2073979997,2015-06-11 16:42:30
Gay / LGTBQ+,AGAINST,EXPLICIT,2073979997,2015-06-11 16:42:30
Politicians,AGAINST,EXPLICIT,2073979997,2015-06-11 16:42:30
Democrats,FAVOR,EXPLICIT,2073979997,2015-06-11 16:42:30
Conservatives,AGAINST,EXPLICIT,2073979997,2015-06-11 16:42:30
Taxes are (good | fair),AGAINST,EXPLICIT,2073979997,2015-06-11 16:42:30
Republicans (GOP),AGAINST,EXPLICIT,2073979997,2015-06-11 16:42:30
Abortion,AGAINST,EXPLICIT,2073979997,2015-06-11 16:42:30
The government,AGAINST,EXPLICIT,1982436573,2015-04-23 01:26:02
Climate change is (real | a problem),FAVOR,IMPLICIT,1982436573,2015-04-23 01:26:02
Fossil fuels,AGAINST,IMPLICIT,1982436573,2015-04-23 01:26:02
Politicians,AGAINST,EXPLICIT,1982436573,2015-04-23 01:26:02
Social welfare,FAVOR,IMPLICIT,1982436573,2015-04-23 01:26:02
Scientists,FAVOR,IMPLICIT,1982436573,2015-04-23 01:26:02
Conservatives,AGAINST,IMPLICIT,1982436573,2015-04-23 01:26:02
Food,AGAINST,IMPLICIT,1982436573,2015-04-23 01:26:02
Healthcare,FAVOR,IMPLICIT,1982436573,2015-04-23 01:26:02
Capitalism,AGAINST,IMPLICIT,1982436573,2015-04-23 01:26:02
Jobs are (available | good),AGAINST,IMPLICIT,1982436573,2015-04-23 01:26:02
Republicans (GOP),AGAINST,IMPLICIT,1982436573,2015-04-23 01:26:02
Journalists,AGAINST,EXPLICIT,2165466591,2015-07-30 17:06:27
Media,AGAINST,EXPLICIT,2088204983,2015-06-19 16:52:16
Elites,AGAINST,EXPLICIT,2160391582,2015-07-28 00:53:35
Conservatives,AGAINST,EXPLICIT,2160391582,2015-07-28 00:53:35
Media,AGAINST,EXPLICIT,2160391582,2015-07-28 00:53:35
Republicans (GOP),AGAINST,EXPLICIT,2160391582,2015-07-28 00:53:35
Politicians,AGAINST,EXPLICIT,2178813398,2015-08-07 02:53:09
Republicans (GOP),AGAINST,EXPLICIT,2178813398,2015-08-07 02:53:09
Scientists,AGAINST,EXPLICIT,2162321393,2015-07-29 00:32:06
Conservatives,AGAINST,IMPLICIT,2162321393,2015-07-29 00:32:06
Republicans (GOP),AGAINST,IMPLICIT,2162321393,2015-07-29 00:32:06
Abortion,AGAINST,EXPLICIT,2175990279,2015-08-05 17:21:34
Food,FAVOR,EXPLICIT,2158405081,2015-07-26 23:45:51
Media,AGAINST,EXPLICIT,2187970774,2015-08-12 03:52:59
The government,AGAINST,EXPLICIT,2092962686,2015-06-22 16:03:46
Fossil fuels,AGAINST,IMPLICIT,2092962686,2015-06-22 16:03:46
Politicians,AGAINST,EXPLICIT,2092962686,2015-06-22 16:03:46
Capitalism,AGAINST,IMPLICIT,2092962686,2015-06-22 16:03:46
Republicans (GOP),AGAINST,EXPLICIT,2092962686,2015-06-22 16:03:46
The government,FAVOR,EXPLICIT,2176451314,2015-08-05 21:24:11
Christians,AGAINST,IMPLICIT,2176451314,2015-08-05 21:24:11
America / USA,FAVOR,EXPLICIT,2176451314,2015-08-05 21:24:11
Crime,AGAINST,EXPLICIT,2176451314,2015-08-05 21:24:11
Hillary Clinton,FAVOR,EXPLICIT,2176451314,2015-08-05 21:24:11
Feminism,FAVOR,IMPLICIT,2176451314,2015-08-05 21:24:11
Liberals,FAVOR,EXPLICIT,2176451314,2015-08-05 21:24:11
Progressives,FAVOR,EXPLICIT,2176451314,2015-08-05 21:24:11
Politicians,FAVOR,IMPLICIT,2176451314,2015-08-05 21:24:11
Christianity,AGAINST,IMPLICIT,2176451314,2015-08-05 21:24:11
Democrats,FAVOR,EXPLICIT,2176451314,2015-08-05 21:24:11
Conservatives,AGAINST,IMPLICIT,2176451314,2015-08-05 21:24:11
Republicans (GOP),AGAINST,EXPLICIT,2176451314,2015-08-05 21:24:11
Abortion,FAVOR,EXPLICIT,2176451314,2015-08-05 21:24:11
The government,AGAINST,EXPLICIT,2093477560,2015-06-22 20:50:38
Politicians,AGAINST,EXPLICIT,2093477560,2015-06-22 20:50:38
Republicans (GOP),AGAINST,EXPLICIT,2093477560,2015-06-22 20:50:38
Politicians,AGAINST,IMPLICIT,2162186076,2015-07-28 22:51:04
Abortion,AGAINST,EXPLICIT,2160408603,2015-07-28 01:06:52
Abortion,AGAINST,EXPLICIT,2176276896,2015-08-05 19:52:20
The government,AGAINST,EXPLICIT,2178822404,2015-08-07 03:01:08
Christians,AGAINST,EXPLICIT,2178822404,2015-08-07 03:01:08
Politicians,AGAINST,EXPLICIT,2178822404,2015-08-07 03:01:08
Christianity,AGAINST,EXPLICIT,2178822404,2015-08-07 03:01:08
Taxes are (good | fair),AGAINST,EXPLICIT,2178822404,2015-08-07 03:01:08
Republicans (GOP),AGAINST,EXPLICIT,2178822404,2015-08-07 03:01:08
Healthcare,AGAINST,EXPLICIT,2226450438,2015-08-30 17:47:17
Drugs,AGAINST,EXPLICIT,2226450438,2015-08-30 17:47:17
Journalists,AGAINST,EXPLICIT,2181778694,2015-08-08 19:47:21
Donald Trump,AGAINST,EXPLICIT,2181778694,2015-08-08 19:47:21
America / USA,AGAINST,EXPLICIT,2181778694,2015-08-08 19:47:21
Conservatives,AGAINST,EXPLICIT,2181778694,2015-08-08 19:47:21
Media,AGAINST,EXPLICIT,2181778694,2015-08-08 19:47:21
Republicans (GOP),AGAINST,EXPLICIT,2181778694,2015-08-08 19:47:21
Food,FAVOR,EXPLICIT,2229178108,2015-09-01 02:29:58
Elites,AGAINST,IMPLICIT,2229178108,2015-09-01 02:29:58
The government,AGAINST,EXPLICIT,2183239384,2015-08-09 19:37:51
Police,AGAINST,EXPLICIT,2183239384,2015-08-09 19:37:51
Military,AGAINST,EXPLICIT,2183239384,2015-08-09 19:37:51
Fascism / Nazism,AGAINST,EXPLICIT,2183239384,2015-08-09 19:37:51
Republicans (GOP),AGAINST,EXPLICIT,2178770633,2015-08-07 02:15:35
Journalists,AGAINST,EXPLICIT,2178722492,2015-08-07 01:35:32
Politicians,AGAINST,EXPLICIT,2178722492,2015-08-07 01:35:32
Media,AGAINST,EXPLICIT,2178722492,2015-08-07 01:35:32
Republicans (GOP),AGAINST,IMPLICIT,2178722492,2015-08-07 01:35:32
White people,AGAINST,EXPLICIT,2210414286,2015-08-23 19:25:30
America / USA,AGAINST,EXPLICIT,2191770811,2015-08-13 21:49:55
Crime,AGAINST,EXPLICIT,2191770811,2015-08-13 21:49:55
Police,AGAINST,EXPLICIT,2191770811,2015-08-13 21:49:55
Military,AGAINST,EXPLICIT,2191770811,2015-08-13 21:49:55
The government,AGAINST,EXPLICIT,2163410877,2015-07-29 16:01:56
America / USA,AGAINST,EXPLICIT,2163410877,2015-07-29 16:01:56
Politicians,AGAINST,EXPLICIT,2163410877,2015-07-29 16:01:56
Elites,AGAINST,EXPLICIT,2163410877,2015-07-29 16:01:56
Media,AGAINST,EXPLICIT,2163410877,2015-07-29 16:01:56
Capitalism,AGAINST,EXPLICIT,2163410877,2015-07-29 16:01:56
Police,AGAINST,EXPLICIT,2261585822,2015-09-19 00:09:20
Media,AGAINST,EXPLICIT,2245298360,2015-09-09 23:03:27
Healthcare,AGAINST,EXPLICIT,2226434374,2015-08-30 17:37:10
Drugs,AGAINST,EXPLICIT,2226434374,2015-08-30 17:37:10
The government,AGAINST,EXPLICIT,2088555011,2015-06-19 20:07:23
Journalists,AGAINST,EXPLICIT,2237954334,2015-09-05 19:02:19
Media,AGAINST,EXPLICIT,2237954334,2015-09-05 19:02:19
Climate change is (real | a problem),FAVOR,EXPLICIT,2250723988,2015-09-13 02:15:58
The government,AGAINST,EXPLICIT,2296856717,2015-10-08 17:38:14
Barack Obama,AGAINST,EXPLICIT,2296856717,2015-10-08 17:38:14
America / USA,AGAINST,IMPLICIT,2296856717,2015-10-08 17:38:14
Socialism / Communism,AGAINST,EXPLICIT,2296856717,2015-10-08 17:38:14
Politicians,AGAINST,EXPLICIT,2296856717,2015-10-08 17:38:14
Democrats,AGAINST,IMPLICIT,2296856717,2015-10-08 17:38:14
Republicans (GOP),AGAINST,EXPLICIT,2277169445,2015-09-27 20:57:41
Journalists,AGAINST,EXPLICIT,2336627823,2015-10-31 16:50:12
Crime,AGAINST,EXPLICIT,2336627823,2015-10-31 16:50:12
Liberals,AGAINST,IMPLICIT,2336627823,2015-10-31 16:50:12
Progressives,AGAINST,IMPLICIT,2336627823,2015-10-31 16:50:12
Democrats,AGAINST,IMPLICIT,2336627823,2015-10-31 16:50:12
Movies,AGAINST,EXPLICIT,2336627823,2015-10-31 16:50:12
Media,AGAINST,EXPLICIT,2336627823,2015-10-31 16:50:12
Republicans (GOP),AGAINST,IMPLICIT,2336627823,2015-10-31 16:50:12
Conservatives,AGAINST,EXPLICIT,2245115249,2015-09-09 20:58:41
Social media,AGAINST,EXPLICIT,2245115249,2015-09-09 20:58:41
Republicans (GOP),AGAINST,EXPLICIT,2245115249,2015-09-09 20:58:41
Terrorism,AGAINST,IMPLICIT,2303417830,2015-10-12 18:19:47
Crime,AGAINST,IMPLICIT,2303417830,2015-10-12 18:19:47
Feminism,AGAINST,IMPLICIT,2303417830,2015-10-12 18:19:47
Abortion,FAVOR,IMPLICIT,2303417830,2015-10-12 18:19:47
Healthcare,FAVOR,IMPLICIT,2303417830,2015-10-12 18:19:47
The government,AGAINST,EXPLICIT,2300221863,2015-10-10 17:12:26
Donald Trump,AGAINST,EXPLICIT,2250391598,2015-09-12 20:52:00
Hillary Clinton,FAVOR,EXPLICIT,2250391598,2015-09-12 20:52:00
Democrats,FAVOR,EXPLICIT,2250391598,2015-09-12 20:52:00
Republicans (GOP),AGAINST,EXPLICIT,2250391598,2015-09-12 20:52:00
Terrorism,AGAINST,EXPLICIT,2346798605,2015-11-07 01:13:24
America / USA,AGAINST,EXPLICIT,2346798605,2015-11-07 01:13:24
Police,AGAINST,EXPLICIT,2346798605,2015-11-07 01:13:24
Conservatives,AGAINST,EXPLICIT,2348279419,2015-11-08 04:18:44
Media,AGAINST,EXPLICIT,2348279419,2015-11-08 04:18:44
Republicans (GOP),AGAINST,IMPLICIT,2348279419,2015-11-08 04:18:44
Politicians,AGAINST,EXPLICIT,2378550630,2015-11-25 18:40:05
Journalists,AGAINST,EXPLICIT,2340878373,2015-11-03 17:30:53
Media,AGAINST,EXPLICIT,2340878373,2015-11-03 17:30:53
Sport,AGAINST,EXPLICIT,2264133182,2015-09-20 18:46:53
Christians,AGAINST,EXPLICIT,2272220984,2015-09-24 17:50:20
Politicians,AGAINST,EXPLICIT,2272220984,2015-09-24 17:50:20
Christianity,AGAINST,EXPLICIT,2272220984,2015-09-24 17:50:20
Conservatives,AGAINST,EXPLICIT,2272220984,2015-09-24 17:50:20
Republicans (GOP),AGAINST,EXPLICIT,2272220984,2015-09-24 17:50:20
Politicians,AGAINST,EXPLICIT,2339232387,2015-11-02 17:50:48
Republicans (GOP),AGAINST,EXPLICIT,2339232387,2015-11-02 17:50:48
Liberals,AGAINST,IMPLICIT,2407004932,2015-12-12 23:31:53
Progressives,AGAINST,IMPLICIT,2407004932,2015-12-12 23:31:53
Elites,AGAINST,IMPLICIT,2407004932,2015-12-12 23:31:53
Woke,AGAINST,IMPLICIT,2407004932,2015-12-12 23:31:53
Democrats,AGAINST,IMPLICIT,2407004932,2015-12-12 23:31:53
Diversity,AGAINST,IMPLICIT,2407004932,2015-12-12 23:31:53
Fascism / Nazism,AGAINST,IMPLICIT,2407004932,2015-12-12 23:31:53
Republicans (GOP),AGAINST,IMPLICIT,2407004932,2015-12-12 23:31:53
Journalists,AGAINST,EXPLICIT,2475496681,2016-01-24 20:09:23
Journalists,AGAINST,EXPLICIT,2373449713,2015-11-22 18:54:29
Media,AGAINST,EXPLICIT,2373449713,2015-11-22 18:54:29
Republicans (GOP),AGAINST,EXPLICIT,2403273871,2015-12-10 16:10:44
Crime,AGAINST,EXPLICIT,2338070862,2015-11-01 20:46:42
Abortion,AGAINST,EXPLICIT,2342782281,2015-11-04 18:11:11
Sport,AGAINST,EXPLICIT,2495896500,2016-02-04 16:17:47
Economy is good,AGAINST,EXPLICIT,2495896500,2016-02-04 16:17:47
Taxes are (good | fair),AGAINST,EXPLICIT,2495896500,2016-02-04 16:17:47
Donald Trump,AGAINST,EXPLICIT,2885106646,2016-09-09 22:13:05
America / USA,AGAINST,EXPLICIT,2885106646,2016-09-09 22:13:05
Hobbies,FAVOR,EXPLICIT,2885106646,2016-09-09 22:13:05
Liberals,FAVOR,EXPLICIT,2885106646,2016-09-09 22:13:05
Democrats,FAVOR,IMPLICIT,2885106646,2016-09-09 22:13:05
Conservatives,AGAINST,EXPLICIT,2885106646,2016-09-09 22:13:05
Republicans (GOP),AGAINST,IMPLICIT,2885106646,2016-09-09 22:13:05
The government,AGAINST,EXPLICIT,2535326413,2016-02-25 20:39:42
America / USA,AGAINST,EXPLICIT,2535326413,2016-02-25 20:39:42
Donald Trump,AGAINST,EXPLICIT,2760627449,2016-07-01 17:04:38
Crime,FAVOR,EXPLICIT,2414609366,2015-12-17 18:51:42
Healthcare,AGAINST,EXPLICIT,2414609366,2015-12-17 18:51:42
Drugs,AGAINST,EXPLICIT,2414609366,2015-12-17 18:51:42
Donald Trump,AGAINST,EXPLICIT,2353864403,2015-11-11 18:03:28
Immigration / immigrants,AGAINST,EXPLICIT,2353864403,2015-11-11 18:03:28
Donald Trump,AGAINST,IMPLICIT,2761037947,2016-07-01 21:23:41
The government,AGAINST,EXPLICIT,2226380320,2015-08-30 16:58:04
America / USA,AGAINST,EXPLICIT,2226380320,2015-08-30 16:58:04
Politicians,AGAINST,EXPLICIT,2226380320,2015-08-30 16:58:04
Military,AGAINST,EXPLICIT,2226380320,2015-08-30 16:58:04
Republicans (GOP),AGAINST,EXPLICIT,2642835520,2016-04-26 01:58:40
The government,AGAINST,EXPLICIT,2074320342,2015-06-11 19:38:03
Barack Obama,AGAINST,EXPLICIT,2074320342,2015-06-11 19:38:03
America / USA,AGAINST,EXPLICIT,2074320342,2015-06-11 19:38:03
Politicians,AGAINST,EXPLICIT,2074320342,2015-06-11 19:38:03
Media,AGAINST,EXPLICIT,2074320342,2015-06-11 19:38:03
Republicans (GOP),AGAINST,EXPLICIT,2074320342,2015-06-11 19:38:03
Media,AGAINST,EXPLICIT,2348932179,2015-11-08 17:48:11
Food,FAVOR,EXPLICIT,2825558891,2016-08-07 18:19:01
America / USA,AGAINST,EXPLICIT,2445715537,2016-01-08 03:12:18
Abortion,AGAINST,EXPLICIT,2665459898,2016-05-08 23:00:07
The government,AGAINST,EXPLICIT,2665459898,2016-05-08 23:00:07
Barack Obama,AGAINST,EXPLICIT,2774498090,2016-07-09 20:50:09
Politicians,AGAINST,EXPLICIT,2774498090,2016-07-09 20:50:09
Liberals,AGAINST,IMPLICIT,3060068479,2016-12-20 00:14:49
Democrats,AGAINST,IMPLICIT,3060068479,2016-12-20 00:14:49
Media,AGAINST,EXPLICIT,2431350860,2015-12-29 23:39:41
Abortion,FAVOR,EXPLICIT,2431350860,2015-12-29 23:39:41
Conservatives,AGAINST,EXPLICIT,2378556319,2015-11-25 18:43:36
Liberals,FAVOR,EXPLICIT,2728705797,2016-06-13 19:12:45
Politicians,AGAINST,EXPLICIT,2446828991,2016-01-08 18:16:20
Conservatives,AGAINST,IMPLICIT,2446828991,2016-01-08 18:16:20
Republicans (GOP),AGAINST,EXPLICIT,2446828991,2016-01-08 18:16:20
Democrats,FAVOR,EXPLICIT,2767427351,2016-07-06 01:27:57
Social media,AGAINST,IMPLICIT,2767427351,2016-07-06 01:27:57
Sport,AGAINST,EXPLICIT,2767259643,2016-07-05 23:06:24
